客户原始需求,标准功能,解决方案,主推产品,可选产品,推荐理由,适用条件,排除条件,资料来源,确认人
客户要建设企业级数据湖，统一存放海量、多类型数据,企业级数据湖,TDH数据湖,TDH 数据湖版,TDH 湖仓版,数据湖版面向大规模多类型数据汇聚、存储和高性能批处理；若还要传统数仓能力再比较湖仓版,重点是数据湖底座和批处理；无需强事务,需要纯OLTP或亚秒级核心交易分析时不适用,TDH & ArgoDB 售卖版本介绍20250717-v9.4.3.pptx#slide=2;TDH&ArgoDB license功能点.xlsx#Inceptor!A46:H59,待产品专家确认
客户现有CDH，希望用国产商业平台替代,CDH平台替代,数据湖替代,TDH 数据湖版,TDH 湖仓版,售卖资料将数据湖版定位为CDH替代；若同时替代MPP数仓则升级为湖仓版,现有负载以Hadoop批处理和数据湖为主,若主要是高并发数据集市或实时事务分析需重新选型,TDH & ArgoDB 售卖版本介绍20250717-v9.4.3.pptx#slide=2;slide=9,待产品专家确认
客户要求数据分钟级准实时入湖，入湖后可以SQL查询,准实时数据入湖,实时数据湖,TDH 数据湖版,TDH 湖仓集一体版,数据湖版支持实时流式写入和分钟级准实时入湖；需要增量加工链路时选湖仓集一体版,分钟级时效；主要是入湖和查询,要求亚秒级实时可见或核心交易分析时优先比较ArgoDB AP,TDH&ArgoDB license功能点.xlsx#Inceptor!A46:H56;TDH & ArgoDB 售卖版本介绍20250717-v9.4.3.pptx#slide=2,待产品专家确认
客户要给业务部门做灵活查询和交互式分析,交互式分析,数据集市,TDH 集市版,TDH 湖仓集一体版,集市版专门面向交互式分析和即席查询；如果还需要湖仓共用同一份数据则选湖仓集一体版,独立数据集市或业务分析平台,仅有离线批处理需求时不应优先集市版,TDH & ArgoDB 售卖版本介绍20250717-v9.4.3.pptx#slide=13;TDH&ArgoDB license功能点.xlsx#Inceptor!A60:H67,待产品专家确认
客户有固定报表、手机银行明细查询、一表通等高并发分析,高并发报表与明细查询,高性能数据集市,TDH 集市版,TDH 湖仓集一体版,集市版针对固定报表、灵活查询和高并发明细查询；湖仓集一体版适合同时承载湖仓加工,数据已进入集市且查询并发高,强实时同步到核心交易流程时需比较ArgoDB AP,TDH & ArgoDB 售卖版本介绍20250717-v9.4.3.pptx#slide=2;slide=13,待产品专家确认
客户需要5000列以上超宽表做指标查询,超宽表指标分析,宽表数据集市,TDH 集市版,TDH 湖仓集一体版,License矩阵显示集市版和湖仓集一体版支持超宽表与部分列更新,指标类宽表和OLAP分析,高并发在线点查若以HBase型负载为主需比较Hyperbase,TDH&ArgoDB license功能点.xlsx#Inceptor!A60:H67,待产品专家确认
客户不想再维护Hadoop和MPP两套平台，希望湖和仓统一,湖仓一体,湖仓融合,TDH 湖仓版,TDH 湖仓集一体版,湖仓版通过统一平台融合数据湖和数据仓库并减少跨平台数据搬运,需要湖仓共用数据且包含传统数仓负载,还需要高性能数据集市或实时增量计算时选湖仓集一体版,TDH & ArgoDB 售卖版本介绍20250717-v9.4.3.pptx#slide=17;slide=40,待产品专家确认
客户要迁移Oracle、Db2或Teradata数仓，保留方言和存储过程,传统数仓语法兼容,数仓迁移,TDH 湖仓版,TDH 湖仓集一体版,湖仓版及湖仓集一体版支持Oracle PL/SQL、Db2 SQL PL和Teradata方言,明确需要传统数仓语法与存储过程迁移,纯数据湖或数据集市场景不应因此选择湖仓版,TDH&ArgoDB license功能点.xlsx#Inceptor!A68:H72;TDH & ArgoDB 售卖版本介绍20250717-v9.4.3.pptx#slide=36,待产品专家确认
客户现有架构是Hadoop加MPP，希望一体化替换,Hadoop加MPP替代,湖仓一体替换,TDH 湖仓版,TDH 湖仓集一体版,湖仓版定位为替代湖仓分离的Hadoop+MPP混合架构,客户同时存在数据湖和传统数仓负载,如果还包含Doris或ClickHouse集市层则优先湖仓集一体版,TDH & ArgoDB 售卖版本介绍20250717-v9.4.3.pptx#slide=17;slide=40,待产品专家确认
客户希望一张表同时服务数据湖、数仓和数据集市,一表多用,湖仓集一体,TDH 湖仓集一体版,ArgoDB AP,湖仓集一体版统一湖仓集元数据并支持一张表承担批处理和OLAP；更强实时性再比较ArgoDB AP,需要湖、仓、集多种负载共享同一份数据,纯实时核心交易分析或纯OLTP不适用,TDH&ArgoDB license功能点.xlsx#Inceptor!A73:H78;TDH & ArgoDB 售卖版本介绍20250717-v9.4.3.pptx#slide=20,待产品专家确认
客户要求批处理和在线查询互不影响，需要读写分离,读写分离与负载隔离,湖仓集混合负载,TDH 湖仓集一体版,ArgoDB AP,湖仓集一体版支持一张表上的读写资源隔离和独立计算逻辑集群,同一数据底座同时存在重批处理和核心查询,单一离线批处理或单一OLTP场景无需该Edition,TDH&ArgoDB license功能点.xlsx#Inceptor!A73:H78;TDH & ArgoDB 售卖版本介绍20250717-v9.4.3.pptx#slide=20,待产品专家确认
客户希望把T+1天的指标加工升级到T+1分钟,实时增量计算,准实时湖仓集,TDH 湖仓集一体版,ArgoDB AP,湖仓集一体版支持基于增量数据触发加工且可沿用原SQL逻辑；ArgoDB AP适合更低延迟要求,分钟级指标加工且保留湖仓集统一架构,亚秒级可见或核心交易数据嵌入式分析优先ArgoDB AP,TDH&ArgoDB license功能点.xlsx#Inceptor!A76:H78;TDH & ArgoDB 售卖版本介绍20250717-v9.4.3.pptx#slide=20,待产品专家确认
客户需要库表级跨集群实时同步和同城异地容灾,跨集群实时同步与灾备,湖仓集容灾,TDH 湖仓集一体版,ArgoDB AP,两个候选均被版本差异资料标记为支持跨集群实时同步；需按工作负载选择,需要实时备份、跨集群容灾且以分析负载为主,仅凭RPO/RTO口号不得承诺，必须结合版本和部署条件验证,TDH & ArgoDB 售卖版本介绍20250717-v9.4.3.pptx#slide=36-37;TDH&ArgoDB license功能点.xlsx#Inceptor!A73:H75,待产品专家确认
客户要做亚秒级实时数仓和实时数据集市,亚秒级实时分析,实时湖仓集一体,ArgoDB AP,TDH 湖仓集一体版,ArgoDB AP采用实时行列混合存储并面向实时ODS、数仓和数据集市；分钟级可接受时可选TDH湖仓集一体版,要求亚秒/秒级可见、实时写入并立即分析,以传统离线批处理为主时不应优先ArgoDB AP,TDH & ArgoDB 售卖版本介绍20250717-v9.4.3.pptx#slide=27;slide=30;TDH&ArgoDB license功能点.xlsx#ArgoDB!A78:D81,待产品专家确认
客户希望核心业务系统数据实时同步后直接分析，降低交易系统查询压力,核心系统分析下移,Inline实时分析,ArgoDB AP,ArgoDB HTAP,ArgoDB AP强调与核心OLTP系统紧密结合并支持实时分析下移；若事务也迁入同一平台则比较HTAP,核心交易数据需低影响同步并实时分析,仅做分钟级离线或准实时指标可选TDH湖仓集一体版,TDH & ArgoDB 售卖版本介绍20250717-v9.4.3.pptx#slide=30,待产品专家确认
客户需要高并发强一致的在线事务数据库支撑ERP、MES或OA,在线事务处理OLTP,分布式事务数据库,ArgoDB TP,ArgoDB HTAP,TP版面向高并发强一致OLTP和企业核心业务系统；同时要求实时分析时选HTAP,主要负载是事务处理,纯分析、数据湖或批处理场景不适用,TDH & ArgoDB 售卖版本介绍20250717-v9.4.3.pptx#slide=27;slide=34,待产品专家确认
客户要求同一数据库同时处理交易和实时分析,事务分析混合HTAP,HTAP数据库,ArgoDB HTAP,ArgoDB TP;ArgoDB AP,HTAP版融合TP和AP，减少跨平台同步并支持业务数据生成后实时分析,事务处理和实时分析必须在同一平台,只有事务或只有分析时分别选择TP或AP,TDH & ArgoDB 售卖版本介绍20250717-v9.4.3.pptx#slide=2;slide=27,待产品专家确认
客户有多套TDH或ArgoDB集群，希望统一管理,多集群统一管理,云原生数据服务管理,TDC Data Services,TDC Platform Service,Data Services支持多集群、多租户和TDH/ArgoDB统一管理,客户存在多套数据集群,只有单集群单租户时不应推荐Data Services高级能力,202512TDH&TDC&TDS销售方案更新202512_v2_价格脱敏.pptx#slide=10-12,待产品专家确认
客户希望跨集群调度闲置资源并自动弹性伸缩,跨集群资源调度与弹性,云原生数据服务管理,TDC Data Services,,跨集群资源调度、自动弹性伸缩和数据共享属于TDC Data Services平台管理能力,多集群资源不均衡或需要跨集群弹性,不能把该能力直接归到某个TDH Edition,202512TDH&TDC&TDS销售方案更新202512_v2_价格脱敏.pptx#slide=10-12,待产品专家确认
客户只有一套集群，希望替换Manager并使用云原生管理,单集群云原生管理,平台服务管理,TDC Platform Service,TDC Data Services,Platform Service定位为单集群单租户的云原生管理底座,单集群、单租户且没有跨集群高级需求,需要多集群、多租户或跨集群共享时升级Data Services,202512TDH&TDC&TDS销售方案更新202512_v2_价格脱敏.pptx#slide=10-12,待产品专家确认
客户要做全文检索、日志检索和倒排索引,全文检索,多模搜索,Scope,TDH 数据湖版,Scope是TDH体系中的分布式搜索引擎，承担全文检索和日志存储分析,核心需求是文本检索或日志分析,普通结构化SQL查询不应直接推荐Scope,TDH & ArgoDB 售卖版本介绍20250717-v9.4.3.pptx#slide=7;slide=36,待产品专家确认
客户有HBase类宽表和高并发在线点查需求,宽表数据库与在线点查,宽表数据服务,Hyperbase,ArgoDB AP,Hyperbase面向宽表高并发在线写入和查询；需要行列混合实时分析时比较ArgoDB AP,数据模型为宽表且以点查/在线写入为主,复杂OLAP或实时数仓不能只推荐Hyperbase,TDH & ArgoDB 售卖版本介绍20250717-v9.4.3.pptx#slide=7;202512TDH&TDC&TDS销售方案更新202512_v2_价格脱敏.pptx#slide=7,待产品专家确认
客户需要实时监测、实时ETL或流式计算,实时流计算,实时数据处理,Slipstream,TDH 湖仓集一体版,Slipstream承担实时监测和实时ETL；需要结果进入统一湖仓集并做增量分析时组合湖仓集一体版,需求本质是流处理或实时ETL,亚秒级实时数仓不能只推荐Slipstream,TDH & ArgoDB 售卖版本介绍20250717-v9.4.3.pptx#slide=7;slide=40,待产品专家确认
客户要存储设备指标并做时序分析,时序数据存储与分析,多模时序分析,TimeLyre,TDH 数据湖版,TimeLyre是TDH体系中的时序数据库；与TDH组合可做跨模型分析,数据包含时间戳并以时序聚合和趋势分析为主,事件消息或普通关系型报表不应推荐TimeLyre,TDH & ArgoDB 售卖版本介绍20250717-v9.4.3.pptx#slide=7-9;TDH 9.5 产品wiki.pdf#page=3,待产品专家确认
客户要做关系网络、反欺诈关系或图数据分析,图数据存储与分析,多模图分析,StellarDB,TDH 数据湖版,StellarDB承担图关系存储和分析；TDH可作为统一数据底座和跨模型分析入口,明确需要图遍历、关系网络或图可视化,仅关键词检索应选Scope，向量相似度检索应选Hippo,TDH & ArgoDB 售卖版本介绍20250717-v9.4.3.pptx#slide=7-9,待产品专家确认
客户要管理轨迹、位置和时空数据,时空轨迹数据分析,多模时空分析,Spacture,TDH 数据湖版,Spacture承担时空轨迹数据存储与分析,数据具有空间位置和时间维度,只有时间序列而没有空间维度时优先TimeLyre,TDH & ArgoDB 售卖版本介绍20250717-v9.4.3.pptx#slide=7,待产品专家确认
客户需要Kafka类消息和事件持久化,事件流存储,事件数据平台,Event Store,Slipstream,Event Store承担事件/消息存储；若还要流式加工则组合Slipstream,需求重点是事件消息持久化和消费,只做流计算而已有Kafka时不一定需要Event Store,TDH & ArgoDB 售卖版本介绍20250717-v9.4.3.pptx#slide=40,待产品专家确认
客户需要Redis类键值访问和高性能缓存,键值存储与缓存,键值数据服务,KeyByte,Hyperbase,KeyByte承担键值数据库和高性能缓存；宽表点查需比较Hyperbase,访问模型是Key-Value或缓存,复杂分析和事务数据库场景不适用,TDH & ArgoDB 售卖版本介绍20250717-v9.4.3.pptx#slide=7;slide=40,待产品专家确认
客户要在统一平台关联结构化、搜索、图、时序等多种数据,多模型融合分析,多模数据底座,TDH 数据湖版,"Scope;StellarDB;TimeLyre;Hippo",TDH提供统一SQL与多模型关联能力，具体模型通常由相应组件承担,需要跨模型关联分析并接受按模型选配组件,不能因为TDH支持多模型就默认所有模型组件已采购,TDH & ArgoDB 售卖版本介绍20250717-v9.4.3.pptx#slide=7-9;TDH&ArgoDB license功能点.xlsx#Inceptor!A3:H17,待产品专家确认
客户现有Impala加Kudu，想升级为统一架构,Impala加Kudu替代,湖仓集一体替代,TDH 湖仓集一体版,TDH 湖仓版,售卖资料明确将Impala+Kudu场景指向湖仓集一体版,既有批处理又有高并发分析和实时写入,只有湖仓融合而无集市/实时需求时可选湖仓版,TDH & ArgoDB 售卖版本介绍20250717-v9.4.3.pptx#slide=2-notes;slide=20,待产品专家确认
客户现有Hudi加Doris，希望减少数据搬运,Hudi加Doris替代,湖仓集一体替代,TDH 湖仓集一体版,"TDH 数据湖版;TDH 集市版",售卖资料首推湖仓集一体版，也允许数据湖版与集市版混合部署,希望统一架构和一表多用时首选湖仓集一体,必须保留独立集群或强隔离时可选择混合Edition,TDH & ArgoDB 售卖版本介绍20250717-v9.4.3.pptx#slide=2-notes;202512TDH&TDC&TDS销售方案更新202512_v2_价格脱敏.pptx#slide=8,待产品专家确认
客户同时有批处理和OLAP，但预算紧张,批处理与OLAP混合负载,混合Edition部署,TDH 湖仓集一体版,"TDH 数据湖版 + TDH 集市版;TDH 湖仓版 + TDH 集市版",资料优先推荐湖仓集一体版；价格压力下可按节点混合不同Edition,同时存在批量和OLAP负载并已确认部署版本支持Edition混部,未确认TDC及TDH版本支持混部时不得承诺,202512TDH&TDC&TDS销售方案更新202512_v2_价格脱敏.pptx#slide=8;slide=13,待产品专家确认
新客户只提出传统批处理，销售想推荐数据工程版,传统离线批处理,数据湖起步,TDH 数据湖版,TDH 数据工程版,数据工程版被标为不推荐和计划退役；新客户默认从数据湖版评估,新项目且需要可持续的批处理和数据湖能力,只有明确存量兼容或特殊商务条件并经审批才考虑数据工程版,202512TDH&TDC&TDS销售方案更新202512_v2_价格脱敏.pptx#slide=5-7;TDH & ArgoDB 售卖版本介绍20250717-v9.4.3.pptx#slide=25,待产品专家确认
老客户仍使用标准版、专业版、企业版或旗舰版，询问升级路径,历史Edition升级,TDH Edition升级,按现有Edition确定,"TDH 数据湖版;TDH 湖仓版;TDH 湖仓集一体版",历史Edition与新Edition存在不同升级路径，不能把旧名称直接当新Edition别名,必须识别当前Edition、TDH版本和目标业务,未核验当前EOS和2026升级政策时不得承诺费用或可升级性,202512TDH&TDC&TDS销售方案更新202512_v2_价格脱敏.pptx#slide=4-7;TDH 升级方案V1.5.1.docx,待产品专家确认
